<?xml version="1.0" encoding="UTF-8"?>
<project-private xmlns="http://www.netbeans.org/ns/project-private/1">
    <editor-bookmarks xmlns="http://www.netbeans.org/ns/editor-bookmarks/2" lastBookmarkId="0"/>
    <open-files xmlns="http://www.netbeans.org/ns/projectui-open-files/2">
        <group>
            <file>file:/D:/Documentos/Curso/Programacion%20full%20stack/Guia%207%20-%20POO/Ejercicio8_Guia7/src/Entidad/Cadena.java</file>
            <file>file:/D:/Documentos/Curso/Programacion%20full%20stack/Guia%207%20-%20POO/Ejercicio8_Guia7/src/Servicio/ServicioCadena.java</file>
            <file>file:/D:/Documentos/Curso/Programacion%20full%20stack/Guia%207%20-%20POO/Ejercicio8_Guia7/src/ejercicio8_guia7/Ejercicio8_Guia7.java</file>
        </group>
    </open-files>
</project-private>
